Image ID,QW,QX,QY,QZ,TX,TY,TZ,Camera ID,Image Name
1,0.98549089637357268,0.042437393905019154,-0.16111632923558239,0.032377294776031726,2.4431773540662407,0.25890155664303577,-3.7188606218878051,3,frame0000252.jpg
2,0.97030022264399696,0.0057562905291735755,-0.23871671238876016,0.038712714741486756,3.7738721783477853,-0.26053677925051866,-0.93734339844796022,1,frame0000250.jpg
3,0.98590191161716767,0.041684487057413656,-0.15914588159296544,0.030535431557009787,2.4104123367305856,0.24189523328358292,-3.6829300488455408,4,frame0000253.jpg
4,0.98646376398512148,0.040811340758437772,-0.1562872780566186,0.028248248219290138,2.366191134291912,0.22085625859081923,-3.6479695448438747,5,frame0000254.jpg
5,0.98607930575569225,0.040420304170628814,-0.15871831346520598,0.028675751810310034,2.3355120316871183,0.21956212667798247,-3.6621126552341732,6,frame0000255.jpg
6,0.98367825161549283,0.039465711534758106,-0.17345932098930095,0.027044756861046911,2.4562738287607351,0.21042788984510688,-2.8908112150223024,9,frame0000258.jpg
7,0.98632246497996556,0.043995645294317619,-0.15540862088204185,0.032871550412527144,2.3898394456035965,0.2781307980684477,-3.8680621731026035,2,frame0000251.jpg
8,0.98425194671238547,0.039344048716513744,-0.16993390051266238,0.028681364682051978,2.4562730045580641,0.20874599384236994,-3.3190943895916094,7,frame0000256.jpg
9,0.98477101122739941,0.042151671390751086,-0.16639190143690372,0.027622946644830094,2.3894606014714119,0.2469157340064182,-3.2871291787931232,8,frame0000257.jpg
10,0.982741912981001,0.038877081896637987,-0.1788525743305546,0.02680786505819208,2.506398917158347,0.20223347759368179,-2.540610429655497,10,frame0000259.jpg
11,0.97576345180549773,0.027660893502337452,-0.21534172318475039,0.027358789211051532,2.8961392885304842,0.070578880283398704,-0.16977495949618573,12,frame0000261.jpg
12,0.96014328119166337,0.024713926565070682,-0.27639369262351426,0.03347578369778844,3.6788591257939296,0.079650882080029323,6.4025863747250105,11,frame0000260.jpg
13,0.97037440050975943,0.021750385378051521,-0.23900507697493428,0.027875020205141841,3.1047627727142522,0.0012879569027986458,5.7850381064559615,15,frame0000264.jpg
14,0.96994689367637665,0.02406369307591557,-0.24048566767211241,0.028117712698481425,3.1151757976039458,0.032661093021449573,6.6442883702534958,16,frame0000265.jpg
15,0.97019279184008389,0.024085181083866616,-0.23951426271320808,0.027906427049146261,3.0948571861325318,0.033887078549828878,7.9700825311200392,17,frame0000266.jpg
16,0.96980373465158154,0.020940849906932044,-0.24143019555923362,0.02745282741814143,3.1592738969425866,-0.0056809312332086323,3.5425384642991404,14,frame0000263.jpg
17,0.97315069723640146,0.024929563857609152,-0.22718295221748316,0.027278994408222082,3.0174141934474377,0.038807125998495375,1.1272632570440759,13,frame0000262.jpg
18,0.97042762830436624,0.02904163537377772,-0.23787562747866484,0.029017020694947857,3.0700104140419247,0.099010995957006159,7.5909319949610365,18,frame0000267.jpg
19,0.96966352334048811,0.029687098758058458,-0.24089547681807583,0.028994773991735195,3.0995810055275665,0.11492747469563513,8.9434078780447059,20,frame0000269.jpg
20,0.9734148988334711,0.032306483710356403,-0.22497353153975533,0.028401337042937052,2.8737094838971387,0.14123312171363628,4.3713135784882677,19,frame0000268.jpg
21,0.96837882852054935,0.033614064691391887,-0.24563272260676428,0.027876597943075631,3.1536586808837797,0.16913283487479294,9.6083895671384898,25,frame0000274.jpg
22,0.96863277122117808,0.030332746867894764,-0.24502350875547974,0.028177280581743871,3.1504846574132266,0.13095185827232911,9.9888764824470755,22,frame0000271.jpg
23,0.97779616094561084,0.038523210414589837,-0.20436663326224477,0.025785831544350393,2.5874701573056349,0.22136885605119824,1.8253810805505526,21,frame0000270.jpg
24,0.96910210289743837,0.033210572003257242,-0.24284431577475052,0.027655204986992733,3.1108410958855113,0.16318658442606099,8.4804168597199663,26,frame0000275.jpg
25,0.97094725672658555,0.028544794268916703,-0.23609444543453603,0.026571266628111625,3.0816693884479709,0.091383340555156331,6.799074018173628,23,frame0000272.jpg
26,0.97203218497305255,0.034864606940110267,-0.23079181773804244,0.02594277210699546,2.9238033895740716,0.18312295737090217,5.6230243809773564,28,frame0000277.jpg
27,0.96852551381054064,0.030914005233848268,-0.24533483749248672,0.028521411097016166,3.1506154721479427,0.1354446708787789,9.0584940905466418,24,frame0000273.jpg
28,0.97391613429040202,0.036178339799008918,-0.22249646499241285,0.025957930659188583,2.7933132684827586,0.200693637504056,3.9618539776940684,27,frame0000276.jpg
29,0.97410656497891845,0.035086999284527694,-0.2219406086906956,0.025053318346740846,2.7850163494338234,0.18291128374268786,3.9024955814086315,29,frame0000278.jpg
30,0.97408888293081253,0.036167799932913657,-0.22207608665530892,0.022911790294039606,2.7847675465590744,0.1918096916752848,2.7732092889790447,30,frame0000279.jpg
31,0.97448367753317067,0.036468674730477407,-0.22063483729300348,0.019283841876558086,2.7534172289909766,0.18034922191619113,4.5085353794423764,35,frame0000284.jpg
32,0.97747230801817575,0.039057475573811888,-0.2066622856642357,0.017694641659427367,2.5548933968850633,0.21107812103443974,3.0264067638662695,37,frame0000286.jpg
33,0.97506906037378505,0.036396219577550751,-0.21812468405629104,0.018364773551280973,2.7276662100245148,0.17443128365130478,4.5016093073758201,36,frame0000285.jpg
34,0.98282707054398255,0.037345649674274457,-0.17993044489625171,0.016771608622218222,2.2181981249853018,0.1865342764187177,0.36427839120811434,40,frame0000289.jpg
35,0.97294441831196921,0.035544000686799554,-0.22724860412613151,0.021768206482977746,2.8509143490516053,0.1781056645365513,5.4673434214769836,32,frame0000281.jpg
36,0.9788199015722463,0.037710364590841282,-0.20018716482805535,0.020362409646914714,2.4662200166082608,0.19799345344329003,1.5613505550295532,33,frame0000282.jpg
37,0.97795778632296759,0.041050571439151862,-0.20382123435241034,0.0192437829404669,2.5154210654112852,0.24423265402821534,2.4713280784297593,34,frame0000283.jpg
38,0.97246792743625465,0.035042836422907765,-0.22923336290439544,0.02302596479660296,2.877842141883213,0.17606926912042772,5.7862631411756702,31,frame0000280.jpg
39,0.97606640861975258,0.03681470531257304,-0.21368972745895723,0.016605535685526075,2.6487936955295628,0.18244728823489229,3.6225228546854344,38,frame0000287.jpg
40,0.97573754132929813,0.036387404115163426,-0.21519814388940475,0.017377172640313052,2.6689441308987183,0.18118164267242426,3.6227510694933631,39,frame0000288.jpg
41,0.97527957348025707,0.034954141435826307,-0.21736611392175553,0.01897192839978366,2.6987674691122141,0.17272902556663669,3.5798762842998131,41,frame0000290.jpg
42,0.97562942487515825,0.035148257009940759,-0.21579981568983592,0.018500402567614975,2.6760915471669615,0.17550696721115511,3.3052948208718713,42,frame0000291.jpg
43,0.97531193546046158,0.034671925947164638,-0.21724023285801594,0.019265703394317581,2.7010136539473266,0.17188976394198074,3.5843933471764089,45,frame0000294.jpg
44,0.97676524273465204,0.035597692817542916,-0.21052469257977965,0.018488338642875295,2.5891205602580536,0.1860588651044644,2.2669271666995896,46,frame0000295.jpg
45,0.9762833080076968,0.035330990842479315,-0.21279307860399624,0.018485921396309599,2.6283685555648235,0.18084910842548063,2.7585479618659901,44,frame0000293.jpg
46,0.9759607824201969,0.035202704779010517,-0.21428721718087076,0.018501602819146222,2.6514784919946344,0.1780369326038389,3.020466130315925,43,frame0000292.jpg
47,0.9771428421048115,0.035858831361842237,-0.20870430293838391,0.018668804774210516,2.5581675156619279,0.18942139590883469,1.7472886702795301,49,frame0000298.jpg
48,0.97690867581632979,0.035530357630798322,-0.20983550645607515,0.018870427439120468,2.5766074408983179,0.18668890081190936,2.0751577040780615,47,frame0000296.jpg
49,0.97708230549904396,0.035690878493331323,-0.20901196605514094,0.018717038195502203,2.5630136137491224,0.1877386464652713,1.8927554591020015,48,frame0000297.jpg
50,0.97762105599708227,0.036157352916343664,-0.20640587353458117,0.018609999238561409,2.5249628626527567,0.19252076230200862,1.5285718045845254,50,frame0000299.jpg
51,0.97874372604377247,0.035971401161846377,-0.20110445586088427,0.017993745060550976,2.4499868498677539,0.184897815314263,1.632754695539627,51,frame0000300.jpg
52,0.99878329187917714,0.035388301597024489,-0.032615204078146297,0.010763476948164473,-0.025122524918596914,0.13814692978402154,-5.6231729504564205,57,frame0000306.jpg
53,0.98493679220178532,0.037131214758776052,-0.16824858095783302,0.014601481550526046,1.9822286554255533,0.19341730328976239,-0.26339444233823889,56,frame0000305.jpg
54,0.9798870974681454,0.034983822761524029,-0.19570496028402357,0.017233017166829932,2.3731361783863805,0.16553346378820702,1.7990181318826717,52,frame0000301.jpg
55,0.98255571875519665,0.035950058995275896,-0.18173035061471279,0.016307435885163719,2.178187061340231,0.17502867250808282,0.32469889263961027,54,frame0000303.jpg
56,0.99831028023037571,0.042482448003312502,-0.037854562396545513,0.011783806845008946,0.0694491005064964,0.22587767672529097,-5.685238102599758,55,frame0000304.jpg
57,0.98096645870314469,0.035026577080840664,-0.19024181271409299,0.016911489960002916,2.2944163774837283,0.16275381315354881,1.9927335544787528,53,frame0000302.jpg
58,0.9990962876780618,0.034723121913348351,-0.021914284930527054,0.010985302385002733,-0.18058637715158396,0.13289322869328454,-5.6666658238261833,59,frame0000308.jpg
59,0.99899443252545483,0.036178177915391338,-0.023963485762550685,0.011270074355342026,-0.14957056551139253,0.15129460868180963,-5.6819988965658013,58,frame0000307.jpg
60,0.99909695524897757,0.0347257233522986,-0.02179489620059687,0.011152607295493977,-0.18943831881893114,0.13417593628395719,-5.6279600104852721,60,frame0000309.jpg
61,0.99907450659202013,0.034757942402579012,-0.022696437859300367,0.01126443191419349,-0.18596539867499523,0.13621589783681612,-5.5726547272153422,61,frame0000310.jpg
62,0.99905727116466014,0.034526783643937325,-0.023756172643482822,0.011318763428959187,-0.18108439543163452,0.13407114204248505,-5.5064251391514212,62,frame0000311.jpg
63,0.99903100360455377,0.034116966659339935,-0.025434937015274117,0.011231669594165385,-0.1688168194900227,0.12960989500735801,-5.4213728272785158,63,frame0000312.jpg
64,0.99852461772803791,0.032807804304754197,-0.041766632771263149,0.01130416537065976,-0.0013371426216718918,0.1129016109638796,-4.6701911638280951,68,frame0000317.jpg
65,0.99872584062186298,0.033436260689513199,-0.036004530302352275,0.011505891663105674,-0.067420689651395138,0.12163559714609379,-4.9096355819714095,67,frame0000316.jpg
66,0.99903148201166769,0.033004945758072619,-0.026933719520914522,0.01101572774927813,-0.15899672245885479,0.1153734874672062,-5.3277282905781851,64,frame0000313.jpg
67,0.99724113287741611,0.034757832344715169,-0.064448002433240892,0.012184866451042359,0.24673535641616504,0.13633338633495867,-2.7361634555816088,73,frame0000322.jpg
68,0.99886496907636757,0.033072309408291409,-0.03229944294527589,0.011477886908938841,-0.10651350223876256,0.11655826358052442,-5.0793710688572524,66,frame0000315.jpg
69,0.99584542177177182,0.03392101047290335,-0.083421284163109136,0.01349630813508541,0.54117853514380732,0.13588807425896832,-3.5575214830646482,69,frame0000318.jpg
70,0.99600235325855802,0.036605950450742615,-0.080392369522334875,0.013280949423770479,0.48985629914730078,0.16979992506574698,-3.3488266011420889,70,frame0000319.jpg
71,0.99644316233652863,0.035172831264576335,-0.075584638767022899,0.012282449107199488,0.41560619591320913,0.14834689788423361,-3.1639431011583929,71,frame0000320.jpg
72,0.99686672793512565,0.03476946319866861,-0.070032375518517154,0.0119698598164744,0.33163182818360315,0.13953504107306716,-2.973171203231034,72,frame0000321.jpg
73,0.99895596196897907,0.033045857889037987,-0.029501657845159197,0.011162862867401016,-0.13427314528708567,0.11660814642233545,-5.2129363159484541,65,frame0000314.jpg
74,0.99768009682551062,0.033373487274851801,-0.058060705627074605,0.012230666680168778,0.15043973298443478,0.11697101704220524,-2.439147160286236,74,frame0000323.jpg
75,0.99843902156339881,0.030870355915952434,-0.045197454275416618,0.011123464935305539,-0.044510769424045936,0.083270320868061298,-1.5664809453882351,76,frame0000325.jpg
76,0.99870012569138944,0.031290025010195753,-0.038680416487143349,0.011082358018290385,-0.14195287551727381,0.088456142512033056,-1.0466226108243206,77,frame0000326.jpg
77,0.99389764181449003,0.023191384578073432,0.10747297847092367,0.0088992233108368332,-2.122616138280855,-0.049677871163804024,-2.5661141336003088,78,frame0000327.jpg
78,0.99809576893081087,0.031688980710859634,-0.051698129991026007,0.011311405719499262,0.053780673294760335,0.094082252224525376,-2.0363845832049927,75,frame0000324.jpg
79,0.99776089768727028,0.021606180943327672,0.062920640023372595,0.0068816459067583512,-1.6154758393481468,-0.044672803384034732,-3.2050988342008933,88,frame0000337.jpg
80,0.99347985490534951,0.023887299620520434,0.11113027243057377,0.0087884790260698946,-2.1778131528089135,-0.037529614312249909,-3.1412421259984633,80,frame0000329.jpg
81,0.99959988792062704,0.024505009049077018,-0.011235941603807802,0.0085628392984150228,-0.56797098999780582,0.0016173375090796406,10.471963940510935,82,frame0000331.jpg
82,0.99279269918529411,0.020965983140776745,0.11772023107839848,0.0080641918483634143,-2.2767924116653688,-0.073685427594465711,-3.0529565426861587,81,frame0000330.jpg
83,0.99966451087761299,0.021923148354125958,-0.011476291066127272,0.0076508823955933431,-0.57280006068524891,-0.031221962143411667,13.568806394566733,83,frame0000332.jpg
84,0.99909870201450612,0.033822125803795559,-0.024487780910755371,0.0076286319290178456,-0.41710340122479939,0.13811930060431699,4.2994077753268165,86,frame0000335.jpg
85,0.9971965643879972,0.02055061573634721,0.07158448338162185,0.0072350469672496651,-1.7220066076957237,-0.058915905861177918,-3.3055363778896933,85,frame0000334.jpg
86,0.99715309261371965,0.020825610457614979,0.072168496370061147,0.0066115029794240202,-1.7263828467530453,-0.054988208349184907,-3.3050815393252608,87,frame0000336.jpg
87,0.99955319662416653,0.02432132580193969,-0.015797477127069953,0.007233252799819327,-0.50429840996910269,0.007843041722770186,9.3861301452781536,84,frame0000333.jpg
88,0.99939275708664865,0.025671988090675172,-0.021573950789403648,0.0094673521934924808,-0.39783221124305523,0.01420761273123467,2.3073007782508888,79,frame0000328.jpg
89,0.99769696297356414,0.021537430570851529,0.063876733777192871,0.0075280834008551309,-1.6463442017177867,-0.049741684312095608,-2.8588522991062777,90,frame0000339.jpg
90,0.99778138082924683,0.020877546727732638,0.062869034779728647,0.0066278638321935522,-1.6212295009504429,-0.05345969191735362,-3.095755767460636,89,frame0000338.jpg
91,0.99758523825739542,0.020716499945658669,0.065929843874414834,0.0069119264776455937,-1.6825177801858326,-0.060478197047635449,-2.6380716734010288,91,frame0000340.jpg
92,0.99894481090092169,0.020802790145693136,0.04039719102480361,0.0066765000997120755,-1.3882011272904615,-0.054691070950607379,-1.5037226014409555,92,frame0000341.jpg
93,0.99895851912483924,0.019853779831950937,0.040646756580487359,0.0059620192702777219,-1.4053475565296645,-0.066390861506531576,-0.59984418669799011,94,frame0000343.jpg
94,0.99903499161876819,0.019022749603227536,0.039202091078500749,0.0055151222918154883,-1.3932888300468995,-0.075798926897413008,-0.084258353703727681,95,frame0000344.jpg
95,0.99870224958440179,0.018666804836083573,0.04703157165344847,0.0057791296986310628,-1.4822346070803571,-0.081317768500439716,-0.85788549059561292,93,frame0000342.jpg
96,0.99886559416012999,0.018563916961939642,0.043554316311756047,0.0050918877419241096,-1.4589528994494785,-0.082134366967347952,1.6384954057305519,97,frame0000346.jpg
97,0.99886863639228107,0.01829394271929596,0.043583326168301371,0.0052223147851955271,-1.4613785035290674,-0.086569828509722876,1.6489015559439917,96,frame0000345.jpg
98,0.9985988839100034,0.016620388988279052,0.050036934286844637,0.0045096486279777494,-1.5576533430739237,-0.098372981746712163,2.5956409220470538,101,frame0000350.jpg
99,0.99873442387626477,0.018925198538061579,0.046377333258742978,0.0045310467497009605,-1.5011660625984844,-0.074833169957553944,1.3473543138769455,98,frame0000347.jpg
100,0.99881927984236696,0.017303435904948004,0.045136566808476934,0.0048298714064580629,-1.4929761056194768,-0.091470779532218743,2.0282569624003508,100,frame0000349.jpg
101,0.99904190489408307,0.017879275298701897,0.039658876047482992,0.0047725602191576984,-1.4178819580333344,-0.085881777879525598,1.535431399168893,99,frame0000348.jpg
102,0.99845722751634158,0.016009495390200551,0.052998037968399823,0.0042507469028243098,-1.6019122738343556,-0.10276116491893206,3.1097078730052905,103,frame0000352.jpg
104,0.99857538320085171,0.016570682930805707,0.050513314156774458,0.0045849346100185519,-1.5628177087011641,-0.09757111614188646,2.6266419973873627,102,frame0000351.jpg
105,0.99950862156479126,0.01595030914624514,0.026765566893413403,0.0034216201812163954,-1.2359882946076255,-0.10289678803733318,28.152046170528724,105,frame0000354.jpg
106,0.9996626950033316,0.014971722202229825,0.020927365657628115,0.0035198181213430702,-1.1518637580364008,-0.11635465215728109,18.2594750207194,106,frame0000355.jpg
107,0.99975943165807357,0.014656708422660343,0.015932917989717466,0.0035216236698568958,-1.0801557925983416,-0.12015262429077281,12.511054448302271,107,frame0000356.jpg
108,0.99984894265576818,0.013220335239392729,0.010641223334179252,0.0037521956575708006,-1.002846737386228,-0.14074577129888707,9.120382017694352,108,frame0000357.jpg
109,0.99987648247958205,0.014160957972114066,0.0057899453876801166,0.0036004980180546933,-0.93315584397518658,-0.12611189248359983,6.3565148866930521,109,frame0000358.jpg
110,0.99988420618432794,0.014697297940008087,-0.0019729304331868483,0.0034163140817089887,-0.82006271391337393,-0.11616085093489971,3.4017309779127025,111,frame0000360.jpg
111,0.99989186785725526,0.014246591841055024,0.00096389164412342314,0.0035154127413351082,-0.86267617419086529,-0.12363727806625038,4.6157639948799574,110,frame0000359.jpg
112,0.99987618526354938,0.014442709911793927,-0.0052511974829486932,0.0033833708355896024,-0.77150108355291624,-0.11930981393866685,2.6438361785127316,112,frame0000361.jpg
113,0.99985624477279267,0.01427054044462206,-0.0085017007708703528,0.0034003747249991014,-0.72309340903542163,-0.12136006035218434,2.1639094860503021,113,frame0000362.jpg
114,0.99983510445606449,0.014691208555901666,-0.010167609130509049,0.0032483862250026851,-0.69843537452936877,-0.11453715191964248,1.9011838679635522,114,frame0000363.jpg
115,0.99980027100331925,0.015210155365931887,-0.012562919110754705,0.0032003654245060372,-0.66265424679886731,-0.10644635009718656,1.7152867389442972,115,frame0000364.jpg
116,0.99974926759266813,0.015592312725197453,-0.015745581148299756,0.0032184477789288608,-0.61488558691818906,-0.10040258077673757,1.6121978601449347,116,frame0000365.jpg
117,0.99967110121009684,0.016446646420843924,-0.019413114224470791,0.0032137552812750258,-0.55974461475658477,-0.087372684793543792,1.491801765320367,117,frame0000366.jpg
118,0.99956171633867552,0.019050707036236222,-0.022431035926117511,0.003208491667769322,-0.51432512482903203,-0.048572973120182668,0.97448065102207626,118,frame0000367.jpg
119,0.99945960061339778,0.019788649073178202,-0.026040133410303892,0.0032905260277982405,-0.459863901577379,-0.037326224006933514,0.86432406560440378,119,frame0000368.jpg
120,0.99937274399336951,0.02051536913115885,-0.028677686683757489,0.0032906654408548079,-0.42015544407882932,-0.026192159277834415,0.71753738835192571,120,frame0000369.jpg
121,0.99927789750578677,0.02417327121374914,-0.029150383213500813,0.0030970427421861848,-0.41365872131253367,0.028329279798568203,0.064036017890476457,121,frame0000370.jpg
122,0.99928548431783226,0.024178678216833685,-0.028891150235862664,0.0030354224435938915,-0.41777157748697924,0.028514783980264465,-0.006262307282325851,122,frame0000371.jpg
123,0.99946236208781103,0.023091209647576695,-0.023102167344743796,0.002841244593574821,-0.50561916121230932,0.012226435140690836,0.040798992545166508,124,frame0000373.jpg
124,0.99935588318774093,0.023805899494403239,-0.026693392143707525,0.002925867935327097,-0.45122040528528734,0.023055245505562112,-0.015759370663773063,123,frame0000372.jpg
125,0.99952746855183139,0.022862913227889078,-0.020356062142595728,0.0027852366414401904,-0.54740829174055228,0.0086725615096526279,0.030039314395368093,125,frame0000374.jpg
126,0.99957128610541501,0.022690596776501482,-0.018293374264074236,0.0027808756763365895,-0.57872127068925472,0.0059038560763337664,0.022625982416369633,126,frame0000375.jpg
127,0.99960370621868211,0.022815765814531964,-0.016268167762411179,0.0026866450873425061,-0.60930288750857409,0.0076028367952355163,0.038663857493359613,127,frame0000376.jpg
128,0.99964439076088452,0.022692298636003624,-0.013756417418822116,0.0026291790950451186,-0.64719126739275756,0.005484832862953282,0.042615218544349402,128,frame0000377.jpg
129,0.99968356210535336,0.022579793476354235,-0.010793113727573311,0.0025371793356011351,-0.6919719153713576,0.0035544715253744579,0.038006656155611787,129,frame0000378.jpg
130,0.99970522173846388,0.022657605060206344,-0.0083749939409471733,0.0024417285421710413,-0.72864156934812796,0.0046557642266277328,0.01372301282229489,130,frame0000379.jpg
131,0.99972099735265996,0.022799774763099107,-0.0057237668521781431,0.0023100251030472138,-0.76864153305522398,0.0068478635522394894,-0.0051334759564403793,132,frame0000381.jpg
132,0.99972199116687221,0.022905668272948779,-0.0050948006322897353,0.0023051561402967374,-0.77817612938433234,0.0084023736477140173,-0.018558444888548378,133,frame0000382.jpg
133,0.99971683833818326,0.022727161256377665,-0.0066415363559976185,0.0023683916832868937,-0.75478946883214315,0.0056849345223473945,0.004239985476796714,131,frame0000380.jpg
134,0.9997284403477934,0.022774280214283495,-0.0043551482651044953,0.0023260275317907282,-0.78923287724713442,0.0063821343031941037,-0.010003444101553832,134,frame0000383.jpg
135,0.99972799859112493,0.022830855786180462,-0.0041695569164277501,0.00230122840568078,-0.7919851702549352,0.0072164388876651319,-0.011031690641660133,135,frame0000384.jpg
136,0.99973407143394299,0.022632507203597579,-0.0037475139601328314,0.0023478012925617418,-0.79804107574784044,0.0041848682954548884,0.01958940895063227,138,frame0000387.jpg
137,0.99972902630404525,0.022793797664513508,-0.0041136839083184742,0.0023225757032460342,-0.79275583340397993,0.0066473947214669461,-0.0095205433017813736,136,frame0000385.jpg
138,0.99973029748108933,0.022747928210214263,-0.0040489959258925307,0.0023387373746461041,-0.79363662506233212,0.005968337634751966,0.0024976338397741556,137,frame0000386.jpg
139,0.99973876429730346,0.022510021684380016,-0.0031900977761473524,0.002350608697357039,-0.806228252420227,0.0022644835568266159,0.057207335751537206,139,frame0000388.jpg
140,0.99974533384087438,0.022291018735587621,-0.0025941810646965152,0.0023765882546566744,-0.81512323918145169,-0.0010941495433289185,0.081407292549682791,140,frame0000389.jpg
141,0.99975284486709559,0.021999145129224334,-0.0021167399349557615,0.0024096069762814358,-0.82209240266721184,-0.0055283817647032935,0.11866484109536395,141,frame0000390.jpg
142,0.99975576664035792,0.021928378816415739,-0.0013325692794926049,0.0024036495063513822,-0.83381320047157581,-0.0066022140149057853,0.14410344244196996,142,frame0000391.jpg
143,0.99976715646740211,0.021358271155964375,0.0019506098527584603,0.0023774405388487644,-0.88284288489712381,-0.015203736298080009,0.24119670142704958,144,frame0000393.jpg
144,0.99975639189459664,0.021947223914664197,-0.00012961858933332012,0.0023365417519845559,-0.85182812314426748,-0.0062670105868511084,0.17086781668594322,143,frame0000392.jpg
145,0.99976389982570335,0.021066549679312763,0.0048068398377469519,0.0022889693498113492,-0.92579416345924703,-0.019508450167099629,0.2858857761753662,145,frame0000394.jpg
146,0.9997058450784605,0.020810161140261539,0.01227504327316933,0.0021175037000103559,-1.038199119624617,-0.023857249842490855,0.31797466595232704,147,frame0000396.jpg
147,0.99974809139223153,0.02071069542806811,0.0083555261329181681,0.0022374171533482961,-0.97917302112040705,-0.025023119292630312,0.3178536735419567,146,frame0000395.jpg
148,0.99955835430555784,0.020657986146569277,0.02127574306116135,0.0019200790423195857,-1.1734351493759403,-0.026665096745773227,0.34029665262604447,149,frame0000398.jpg
149,0.99963910216682705,0.02090268157809436,0.0167559563912347,0.0019953063323468962,-1.1055830999175047,-0.022710765763238622,0.32693969154760277,148,frame0000397.jpg
150,0.99947103223503042,0.020600467113687283,0.025092947744593357,0.0019027483353740698,-1.2305800871166579,-0.027713432133920232,0.3561547560356334,150,frame0000399.jpg
151,0.99937149755080257,0.020650847685919523,0.028752771721864578,0.0018521585325318515,-1.2854542251362366,-0.027041354508026728,0.38231822008468502,151,frame0000400.jpg
152,0.999256779604769,0.020739751750561357,0.032445284691604521,0.0017477449791306523,-1.3406347798079554,-0.025698467781619026,0.41569701769196982,152,frame0000401.jpg
153,0.99898597251411092,0.020555222282589665,0.040022293105646582,0.0016509426141075852,-1.4532199637343173,-0.0288005138271283,0.55373021367587549,154,frame0000403.jpg
154,0.99912448496301942,0.020615150552681222,0.03636442446971435,0.0017052120272705491,-1.3988264038771583,-0.027672881328878917,0.48159820280444754,153,frame0000402.jpg
155,0.99922107550281491,0.013977893701078208,0.036758545232104985,0.0032665135999610595,-1.3866902957679197,-0.13167610418904149,7.3981874303899957,164,frame0000413.jpg
156,0.9979553554316879,0.017918359166074496,0.061327390447049775,0.0017297835020913892,-1.7659074438249682,-0.070880904830918398,1.4893197399204763,159,frame0000408.jpg
157,0.9986484474121986,0.019820001869157805,0.048017941894721701,0.0016502312889376816,-1.5712167718155889,-0.04057747968156996,0.79829428107375011,156,frame0000405.jpg
158,0.99845550838912678,0.019335342692611852,0.0520576674814398,0.0016557616861997758,-1.6307626963250841,-0.048384082980906976,0.94951619702121293,157,frame0000406.jpg
159,0.99821691648662281,0.01864351477321274,0.056679304934178686,0.0016921551400755092,-1.6984864890460623,-0.059212390214374931,1.1670149987315714,158,frame0000407.jpg
160,0.99772119707474305,0.018048175127083191,0.064990774556590247,0.0016957313638545099,-1.8182251530823879,-0.069536941614638442,1.9050790826674673,160,frame0000409.jpg
161,0.99772288841818535,0.015254912997837121,0.065659922239189122,0.0022583550308312725,-1.8212296532146397,-0.11225168926879472,2.6863707417737452,161,frame0000410.jpg
162,0.99828093057014755,0.01474632662358033,0.05667286698780679,0.002432212674368862,-1.6862446129125177,-0.11947131844294281,3.310806678173845,162,frame0000411.jpg
163,0.99819976744795347,0.015829987724111361,0.057779043705426726,0.0028666817040987188,-1.7001525188161983,-0.10582747168466841,3.4256608452103254,163,frame0000412.jpg
164,0.99882640630574948,0.020309241065492971,0.043939322036962172,0.0016373065131210732,-1.5111222268391256,-0.032833616691887793,0.65696560962089756,155,frame0000404.jpg
165,0.99900115727690031,0.0155001152263233,0.041795973283982456,0.0030872001278315344,-1.4574455639096735,-0.10939741232135411,11.699875318730918,165,frame0000414.jpg
166,0.99852083030032557,0.015772529586321627,0.051797198454568018,0.0049425700860411051,-1.5869449048434168,-0.10427746614760407,2.7762739280915523,166,frame0000415.jpg
167,0.99845954969442596,0.015921518751647618,0.052965058128346461,0.0044424635177209596,-1.5994983802738847,-0.1039493473293218,2.639977664558419,167,frame0000416.jpg
168,0.99833927352079854,0.01606667861866571,0.055174228212073705,0.0040449135133718787,-1.622583377926738,-0.10271208803019266,2.9746529366782091,168,frame0000417.jpg
169,0.99857778201370218,0.015850250221582377,0.050808020807849956,0.0031189514419856013,-1.5634604088649882,-0.10472140439764663,2.4434526352313557,169,frame0000418.jpg
170,0.99880922335432498,0.016662238670608731,0.045737253403401533,0.0032571146628891786,-1.491215052757507,-0.094056405110331698,1.3912819003647763,170,frame0000419.jpg
171,0.99889611817386914,0.019031130686420299,0.04272292774076053,0.004371796796504999,-1.4473372834629687,-0.068018791986026575,0.79262838436183569,171,frame0000420.jpg
172,0.99895525629943516,0.018591297492163809,0.041512152099735931,0.0044159707128012303,-1.4250986263182688,-0.073418163610839873,0.20851806520525454,172,frame0000421.jpg
173,0.99747729974051536,0.02101389497971189,0.067592340166191089,0.0053598760255723892,-1.7160794638547567,-0.04818931749730708,-2.6811744357336886,173,frame0000422.jpg
174,0.99751258645515584,0.019206059207254707,0.067707768221867651,0.0039275024744252918,-1.709163198070387,-0.067661486231379644,-2.8333934550509334,174,frame0000423.jpg
175,0.99731262381061125,0.019636807376621081,0.070444254079319618,0.0044196437929110086,-1.7250565430968967,-0.063461862954648382,-3.1015357086005104,176,frame0000425.jpg
176,0.99750178581427329,0.01958413771485978,0.067744862887814616,0.0041572105566786187,-1.7008068457797718,-0.063623272158763219,-2.9717252880928426,175,frame0000424.jpg
177,0.99713363783080022,0.019660095134652594,0.072913024802899018,0.0046561550342542482,-1.7466772920973728,-0.063458311194069444,-3.2190325462179565,177,frame0000426.jpg
178,0.99693382294608002,0.01983593788783209,0.075524814423010178,0.0050488256648361799,-1.7701206062646573,-0.062149090926117784,-3.3252852939149053,178,frame0000427.jpg
179,0.99678647241599538,0.020348286526998816,0.077270780394674068,0.0056481980391629395,-1.7832272202748405,-0.05749606993947836,-3.4207789069299843,179,frame0000428.jpg
180,0.99647917194478819,0.021275351801670457,0.080824899305047077,0.0066298520551844051,-1.8116588142141634,-0.049720008411695563,-3.584542161189868,181,frame0000430.jpg
181,0.99662125772316923,0.020613963189771056,0.07927579902595551,0.0060399391301116075,-1.7999559955544087,-0.055662546856521423,-3.5083587823374422,180,frame0000429.jpg
182,0.9962052685284023,0.021711248883324732,0.083978088242938218,0.0071669605302109611,-1.8454493480378407,-0.047371231139284334,-3.5464444236936141,182,frame0000431.jpg
183,0.99642348752097765,0.022013520344456257,0.081260554329987314,0.0072360727304047528,-1.8061753580389983,-0.044250939738040479,-3.6063552420255225,183,frame0000432.jpg
184,0.99691682102223012,0.022940347386949323,0.074622986836114236,0.0078741514053375823,-1.7131122154106924,-0.033276397062857926,-3.5411863258765948,184,frame0000433.jpg
185,0.99964039711539499,0.024229357203286454,-0.0064909151604113273,0.0094806500236727324,-0.60360616570409276,-0.0088451827539489433,0.25112797255607289,186,frame0000435.jpg
186,0.99839854741935796,0.022043089286460916,0.051447046733529837,0.0082246038216600009,-1.3912676541248876,-0.043956868274908113,-2.9166002312363495,185,frame0000434.jpg
187,0.99939640726633727,0.026464315308520916,-0.019930616945707948,0.010451395435647434,-0.4148042354825997,0.021167052063293623,0.032609969009067652,187,frame0000436.jpg
188,0.99904982101635753,0.028946969510320806,-0.03050340323993626,0.011448601405178269,-0.26435050678847211,0.054218623922865999,-0.11164305630286379,188,frame0000437.jpg
189,0.99854004659613793,0.031606750441002196,-0.041957522782188145,0.01258391641441819,-0.10047107842160298,0.091015064977781737,-0.12829597454542799,189,frame0000438.jpg
190,0.99811088001311998,0.03174995602235197,-0.050966633423083538,0.013000529586552838,0.030254000697442409,0.093459976861439337,-0.31083881967771015,190,frame0000439.jpg
191,0.99773466094648156,0.031666014450692712,-0.057809132939651571,0.013450428379191907,0.13202040943169446,0.092539318900449599,-0.63145930296251584,191,frame0000440.jpg
192,0.9972504483601109,0.032039220762344944,-0.065340335199172039,0.013988287048789811,0.24303723728250781,0.099652321124871379,-0.83710434499982378,192,frame0000441.jpg
193,0.99671794583769568,0.031836030632829394,-0.073046631449600677,0.014282619945099589,0.35668623814995859,0.099262498531090898,-0.99459803111052003,193,frame0000442.jpg
194,0.9963067246564874,0.031206911816451268,-0.078655404023233219,0.014572799219246729,0.44225010526616942,0.09236570299296018,-1.2382880016041549,194,frame0000443.jpg
195,0.99593960043094476,0.030424156955721857,-0.083419189673172939,0.014829759312103404,0.51548350058019055,0.083793564425907519,-1.4712064000108132,195,frame0000444.jpg
196,0.99562921883531563,0.030397462377877646,-0.087010010556842668,0.015090094276146592,0.57413558083826122,0.084589475524082511,-1.759072386232615,196,frame0000445.jpg
197,0.99511705769885317,0.030700365159681924,-0.092454292531268023,0.015866091150077543,0.65736342388162428,0.09054171262161137,-1.8666271782711223,197,frame0000446.jpg
198,0.99466135570787939,0.030551763077561998,-0.097229725819757501,0.016178926145788922,0.73178170084820404,0.090936669673575721,-1.976275643416648,198,frame0000447.jpg
199,0.99419336771246714,0.031023611044784814,-0.10167077818810276,0.016737264319799265,0.80196659098731127,0.098723791583148424,-2.1139871864667494,199,frame0000448.jpg
200,0.99365270455642374,0.031737703230169556,-0.1065533330568169,0.017129160395687331,0.87744459882955517,0.11055330765140128,-2.1903829205669805,200,frame0000449.jpg
201,0.9931534563874268,0.033063160190936129,-0.11067710931196473,0.017424608410046592,0.94199946739293838,0.13033475092821079,-2.2857444191188452,201,frame0000450.jpg
